{
"description": "Updates the content of a file located at a specified path within a specified working directory.",
  "path": "/file-update",
  "executor": "csharp-script",
  "method": "post",
  "args": [
    {
      "name": "workingDirectory",
      "type": "json",
      "source": "body",
      "description": "The base path where the file is located."
    },
    {
      "name": "filePath",
      "type": "json",
      "source": "body",
      "description": "The path of the file to be updated, relative to the working directory."
    },
    {
      "name": "content",
      "type": "json",
      "source": "body",
      "description": "The content to update the file with."
    }
  ],
  "responses": [
    {
      "statusCode": 200,
      "description": "File updated successfully",
      "type": "string"
    },
    {
      "statusCode": 400,
      "description": "Bad request",
      "type": "string"
    }
  ]
}
