{
  "description": "Creates a new directory within the specified working directory.",
  "path": "/directory-create",
  "executor": "bash",
  "method": "post",
  "args": [
    {
      "name": "workingDirectory",
      "type": "json",
      "source": "body",
      "description": "The absolute path to the current working directory (e.g., project or repository root)."
    },
    {
      "name": "directoryPath",
      "type": "json",
      "source": "body",
      "description": "The relative path of the new directory to be created."
    }
  ],
  "responses": [
    {
      "statusCode": 200,
      "description": "Directory created successfully",
      "type": "string"
    },
    {
      "statusCode": 400,
      "description": "Bad request",
      "type": "string"
    }
  ]
}
