{
  "description": "Moves a directory from a specified source path to a specified destination path within the working directory.",
  "path": "/directory-move",
  "executor": "bash",
  "method": "post",
  "args": [
    {
      "name": "sourcePath",
      "type": "json",
      "source": "body",
      "description": "The absolute path of the directory to be moved."
    },
    {
      "name": "destinationPath",
      "type": "json",
      "source": "body",
      "description": "The absolute path where the directory should be moved to."
    }
  ],
  "responses": [
    {
      "statusCode": 200,
      "description": "Directory moved successfully",
      "type": "string"
    },
    {
      "statusCode": 400,
      "description": "Bad request",
      "type": "string"
    }
  ]
}
