{
  "description": "Lists all files in a directory and sends their paths to the bot along with a message. NOTE: The model has absolutely no knowledge of anything except what you tell it. It cannot access the web or files unless you send them to it.",
  "path": "/ai-bot-send-file-paths",
  "executor": "csharp-script",
  "method": "post",
  "args": [
    {
      "name": "workingDirectory",
      "type": "json",
      "source": "body",
      "description": "The working directory (eg. project or repository)"
    },
    {
      "name": "subDirectory",
      "type": "json",
      "source": "body",
      "description": "The directory to list files from. This must be relative to the working directory."
    },
    {
      "name": "message",
      "type": "json",
      "source": "body",
      "description": "The message to send to the bot, such as asking it for identify which file to use for a task."
    },
    {
      "name": "recursive",
      "type": "json",
      "source": "body",
      "description": "Whether to search directories recursively."
    }
  ],
  "responses": [
    {
      "statusCode": 200,
      "description": "Files listed and sent successfully",
      "type": "string"
    },
    {
      "statusCode": 400,
      "description": "Bad request",
      "type": "string"
    }
  ]
}