{
  "description": "Sends a message to OpenAI's Davinci model and receives a response. NOTE: The model has absolutely no knowledge of anything except what you tell it. It cannot access the web or files unless you send them to it.",
  "path": "/ai-bot-message",
  "executor": "csharp-script",
  "method": "post",
  "args": [
    {
      "name": "message",
      "type": "json",
      "source": "body",
      "description": "The message to send to the Davinci model."
    }
  ],
  "responses": [
    {
      "statusCode": 200,
      "description": "Message sent successfully",
      "type": "string"
    },
    {
      "statusCode": 400,
      "description": "Bad request",
      "type": "string"
    }
  ]
}