{
"description": "Creates a new file at a specified path within a specified working directory and writes content to it.",
  "path": "/file-create",
  "executor": "csharp-script",
  "method": "post",
  "args": [
    {
      "name": "workingDirectory",
      "type": "json",
      "source": "body",
      "description": "The base path where the file will be created."
    },
    {
      "name": "filePath",
      "type": "json",
      "source": "body",
      "description": "The path of the file to be created, relative to the working directory."
    },
    {
      "name": "content",
      "type": "json",
      "source": "body",
      "description": "The content to write to the file."
    }
  ],
  "responses": [
    {
      "statusCode": 200,
      "description": "File created successfully",
      "type": "string"
    },
    {
      "statusCode": 400,
      "description": "Bad request",
      "type": "string"
    }
  ]
}
