{
  "description": "Searches for files in a specified directory with the content matching a specified query. NOTE: This does not search file names.",
  "path": "/file-search-content",
  "executor": "bash",
  "method": "post",
  "args": [
    {
      "name": "workingDirectory",
      "type": "json",
      "source": "body",
      "description": "The base path where the search should start."
    },
    {
      "name": "query",
      "type": "json",
      "source": "body",
      "description": "The search query. Use * wildcards the same way you would use in grep."
    },
    {
      "name": "recursive",
      "type": "json",
      "source": "body",
      "description": "Whether to search within subdirectories."
    }
  ],
  "responses": [
    {
      "statusCode": 200,
      "description": "Search completed successfully",
      "type": "string"
    },
    {
      "statusCode": 400,
      "description": "Bad request",
      "type": "string"
    }
  ]
}