{
    "description": "Replaces a specified line in a file with new content. The line to be replaced is identified by its line number and hash, which can be obtained using the 'file read lines' endpoint. This operation is irreversible, so use with caution.",
  "path": "/file-line-replace",
  "executor": "csharp-script",
  "method": "post",
  "args": [
    {
      "name": "workingDirectory",
      "type": "json",
      "source": "body",
"description": "The absolute path to the directory where the file is located."
    },
    {
      "name": "filePath",
      "type": "json",
      "source": "body",
            "description": "The relative path of the file in which a line will be replaced."
    },
    {
      "name": "lineNumber",
      "type": "json",
      "source": "body",
            "description": "The line number of the line to be replaced. DO NOT GUESS OR ASSUME. This must be obtained from the 'file read lines' endpoint to ensure accuracy."
    },
    {
      "name": "lineHash",
      "type": "json",
      "source": "body",
            "description": "The hash of the line to be replaced for verification. DO NOT GUESS OR ASSUME. This must be obtained from the 'file read lines' endpoint."
    },
    {
      "name": "newContent",
      "type": "json",
      "source": "body",
      "description": "The new content to replace the old content with."
    }
  ],
  "responses": [
    {
      "statusCode": 200,
      "description": "Line replaced successfully",
      "type": "string"
    },
    {
      "statusCode": 400,
      "description": "Bad request",
      "type": "string"
    }
  ]
}
