{
  "path": "/file-search-names",
  "executor": "bash",
  "description": "Searches for a provided string in file names, and returns the files that match. NOTE: This does not search file content.",
  "method": "post",
  "args": [
    {
      "name": "workingDirectory",
      "type": "json",
      "source": "body",
      "description": "The base path where the search should start."
    },
    {
      "name": "fileName",
      "type": "json",
      "source": "body",
      "description": "The name of the file to search for. Use * wildcards the same way you would with 'find' bash command."
    }
  ],
  "responses": [
    {
      "statusCode": 200,
      "description": "Search completed successfully",
      "type": "string"
    },
    {
      "statusCode": 400,
      "description": "Bad request",
      "type": "string"
    }
  ]
}