{
"description": "Copies a file from a specified source path to a specified destination path within the working directory.",
  "path": "/file-copy",
  "executor": "bash",
  "method": "post",
  "args": [
    {
      "name": "sourcePath",
      "type": "json",
      "source": "body",
      "description": "The source file path."
    },
    {
      "name": "destinationPath",
      "type": "json",
      "source": "body",
      "description": "The destination file path."
    }
  ],
  "responses": [
    {
      "statusCode": 200,
      "description": "File copied successfully",
      "type": "string"
    },
    {
      "statusCode": 400,
      "description": "Bad request",
      "type": "string"
    }
  ]
}
