{
"description": "Prepends content to a file located at a specified path within a specified working directory.",
  "path": "/file-prepend",
  "executor": "csharp-script",
  "method": "post",
  "args": [
    {
      "name": "workingDirectory",
      "type": "json",
      "source": "body",
      "description": "The base path where the file is located."
    },
    {
      "name": "filePath",
      "type": "json",
      "source": "body",
      "description": "The path of the file to prepend to, relative to the working directory."
    },
    {
      "name": "content",
      "type": "json",
      "source": "body",
      "description": "The content to prepend."
    },
    {
      "name": "addNewline",
      "type": "json",
      "source": "body",
      "description": "Optional. Whether to add a newline character between the existing content and the new content. Defaults to true.",
      "default": true
    }
  ],
  "responses": [
    {
      "statusCode": 200,
      "description": "Content prepended successfully",
      "type": "string"
    },
    {
      "statusCode": 400,
      "description": "Bad request",
      "type": "string"
    }
  ]
}
