{
  "description": "Lists the contents of a specified directory within the working directory.",
  "path": "/directory-list",
  "executor": "csharp-script",
  "method": "post",
  "args": [
    {
      "name": "workingDirectory",
      "type": "json",
      "source": "body",
      "description": "The absolute path to the current working directory (e.g., project or repository root)."
    },
    {
      "name": "directoryPath",
      "type": "json",
      "source": "body",
      "description": "OPTIONAL: The relative path of the directory to be listed within the working directory.",
      "required": false
    },
    {
      "name": "recursive",
      "type": "json",
      "source": "body",
      "description": "Whether to list directories recursively.",
      "required": false
    }
  ],
  "responses": [
    {
      "statusCode": 200,
      "description": "Directory listed successfully",
      "type": "string"
    },
    {
      "statusCode": 400,
      "description": "Bad request",
      "type": "string"
    }
  ]
}