{
"description": "Copies a directory from a specified source path to a specified destination path within the working directory.",
  "path": "/directory-copy",
  "executor": "bash",
  "method": "post",
  "args": [
    {
      "name": "sourcePath",
      "type": "json",
      "source": "body",
      "description": "The source path of the directory to be copied."
    },
    {
      "name": "destinationPath",
      "type": "json",
      "source": "body",
      "description": "The destination path where the directory should be copied to."
    }
  ],
  "responses": [
    {
      "statusCode": 200,
      "description": "Directory copied successfully",
      "type": "string"
    },
    {
      "statusCode": 400,
      "description": "Bad request",
      "type": "string"
    }
  ]
}
