{
  "path": "/file-read",
  "executor": "bash",
  "method": "post",
  "args": [
    {
      "name": "workingDirectory",
      "type": "json",
      "source": "body",
      "description": "The base path where the file is located."
    },
    {
      "name": "filePath",
      "type": "json",
      "source": "body",
      "description": "The path of the file to be read, relative to the working directory."
    }
  ],
  "responses": [
    {
      "statusCode": 200,
      "description": "File read successfully",
      "type": "string"
    },
    {
      "statusCode": 400,
      "description": "Bad request",
      "type": "string"
    }
  ]
}