{
  "path": "/file-line-insert",
  "description": "Inserts a new line before a specified line in a file. NOTE: Use the 'file read lines' endpoint to get the correct line number and hash. DO NOT GUESS OR ASSUME.",
  "executor": "csharp-script",
  "method": "post",
  "args": [
    {
      "name": "workingDirectory",
      "type": "json",
      "source": "body",
      "description": "The absolute path to the current working directory (e.g., project or repository root)."
    },
    {
      "name": "filePath",
      "type": "json",
      "source": "body",
      "description": "The relative path of the file where a line will be inserted."
    },
    {
      "name": "beforeLineNumber",
      "type": "json",
      "source": "body",
      "description": "The line number before which the new content will be inserted. DO NOT GUESS OR ASSUME. This must be obtained from the 'file read lines' endpoint to ensure accuracy."
    },
    {
      "name": "beforeLineHash",
      "type": "json",
      "source": "body",
      "description": "The hash of the line to insert before for verification. DO NOT GUESS OR ASSUME. This must be obtained from the 'file read lines' endpoint."
    },
    {
      "name": "newContent",
      "type": "json",
      "source": "body",
      "description": "The new content to insert."
    }
  ],
  "responses": [
    {
      "statusCode": 200,
      "description": "Line inserted successfully. The result includes the updated file lines with line numbers and hashes. IMPORTANT: Check this output to ensure it's correct.",
      "type": "string"
    },
    {
      "statusCode": 400,
      "description": "Bad request",
      "type": "string"
    }
  ]
}