{
  "path": "/run-python-snippet",
  "description": "Executes the provided python snippet. NOTES: 1) This is NOT to be used for executing python script files. 2) State such as variables are not preserved after snippet execution. You must include everything in the snippet that is required for execution, and execute it all at once.",
  "executor": "bash",
  "method": "post",
  "args": [
    {
      "name": "pythonSnippet",
      "type": "json",
      "source": "body",
      "description": "The Python code snippet to execute."
    },
    {
      "name": "workingDirectory",
      "type": "json",
      "source": "body",
      "description": "The base working directory to execute the command in."
    }
  ],
  "responses": [
    {
      "statusCode": 200,
      "description": "A successful response",
      "type": "string"
    },
    {
      "statusCode": 400,
      "description": "A bad request response",
      "type": "string"
    }
  ]
}