{
  "description": "Searches for directories within a specified path in the working directory.",
  "path": "/directory-search-names",
  "executor": "bash",
  "method": "post",
  "args": [
    {
      "name": "workingDirectory",
      "type": "json",
      "source": "body",
      "description": "The absolute path to the current working directory (e.g., project or repository root)."
    },
    {
      "name": "searchPath",
      "type": "json",
      "source": "body",
      "description": "The relative path from the working directory where the search should start."
    },
    {
      "name": "query",
      "type": "json",
      "source": "body",
      "description": "The query for the directory names to search for. This can include wildcards for more flexible searching."
    }
  ],
  "responses": [
    {
      "statusCode": 200,
      "description": "Search completed successfully",
      "type": "string"
    },
    {
      "statusCode": 400,
      "description": "Bad request",
      "type": "string"
    }
  ]
}
