{
  "description": "Appends specified content to a file.",
  "path": "/file-append",
  "executor": "csharp-script",
  "method": "post",
  "args": [
    {
      "name": "workingDirectory",
      "type": "json",
      "source": "body",
      "description": "The absolute path to the current working directory (e.g., project or repository root)."
    },
    {
      "name": "filePath",
      "type": "json",
      "source": "body",
      "description": "The relative path of the file to append to."
    },
    {
      "name": "content",
      "type": "json",
      "source": "body",
      "description": "The content to append to the file."
    },
    {
      "name": "addNewline",
      "type": "json",
      "source": "body",
      "description": "Optional. Whether to add a newline character after the appended content. Defaults to true.",
      "default": true
    }
  ],
  "responses": [
    {
      "statusCode": 200,
      "description": "Content appended successfully",
      "type": "string"
    },
    {
      "statusCode": 400,
      "description": "Bad request",
      "type": "string"
    }
  ]
}