{
  "path": "/run-bash-command",
  "executor": "csharp-script",
  "method": "post",
  "args": [
    {
      "name": "command",
      "type": "json",
      "source": "body",
      "description": "The bash command to execute."
    },
    {
      "name": "workingDirectory",
      "type": "json",
      "source": "body",
      "description": "The base working directory to execute the command in."
    },
    {
      "name": "maxLines",
      "type": "json",
      "source": "body",
"required": false,
      "description": "The maximum number of output lines, defaulting to 10."
    }
  ],
  "responses": [
    {
      "statusCode": 200,
      "description": "A successful response",
      "type": "string"
    },
    {
      "statusCode": 400,
      "description": "A bad request response",
      "type": "string"
    }
  ]
}
